id,name,model_id:id,group_id:id,perm_read,perm_write,perm_create,perm_unlink
access_backup_config_user,access_backup_config_user,model_backup_config,group_backup_user,1,0,0,0
access_backup_config_manager,access_backup_config_manager,model_backup_config,group_backup_manager,1,1,1,1
access_backup_request_user,access_backup_request_user,model_backup_request,group_backup_user,1,1,1,0
access_backup_request_validator,access_backup_request_validator,model_backup_request,group_backup_validator,1,1,1,0
access_backup_request_manager,access_backup_request_manager,model_backup_request,group_backup_manager,1,1,1,1
access_backup_reject_wizard_user,access_backup_reject_wizard_user,model_backup_reject_wizard,group_backup_user,1,1,1,1

access_backup_download_log_user,access_backup_download_log_user,model_backup_download_log,group_backup_user,1,1,1,0
access_backup_download_log_manager,access_backup_download_log_manager,model_backup_download_log,group_backup_manager,1,1,1,1
